{
  "$schema": "https://json.schemastore.org/nest-cli",
  "collection": "@nestjs/schematics",
  "sourceRoot": "apps/discordbot/src",
  "compilerOptions": {
    "deleteOutDir": true,
    "webpack": true,
    "tsConfigPath": "apps/discordbot/tsconfig.app.json"
  },
  "monorepo": true,
  "root": "apps/discordbot",
  "projects": {
    "discordbot": {
      "type": "application",
      "root": "apps/discordbot",
      "entryFile": "main",
      "sourceRoot": "apps/discordbot/src",
      "compilerOptions": {
        "tsConfigPath": "apps/discordbot/tsconfig.app.json"
      }
    },
    "counter": {
      "type": "application",
      "root": "apps/counter",
      "entryFile": "main",
      "sourceRoot": "apps/counter/src",
      "compilerOptions": {
        "tsConfigPath": "apps/counter/tsconfig.app.json"
      }
    }
  }
}